{"tableList":[{"fields":[{"name":"id","type":"BIGINT","primary":true},{"name":"name","type":"VARCHAR","maxLength":"100"},{"name":"phone","type":"VARCHAR","maxLength":"20","unique":true},{"name":"address","type":"VARCHAR","maxLength":"200"}],"name":"customer","displayField":"name","position":{"x":45,"y":35},"bound":{"top":213.9186553955078,"left":107.99603271484375,"bottom":336.7559585571289,"right":307.99603271484375}},{"fields":[{"name":"id","type":"BIGINT","primary":true},{"name":"parent","type":"FOREIGN","linkedTable":"category"},{"name":"name","type":"VARCHAR","maxLength":"100"}],"name":"category","displayField":"name","position":{"x":315,"y":30},"bound":{"top":214.00001525878906,"left":358.0000305175781,"bottom":289.00001525878906,"right":558.0000457763672},"index":null,"lastName":"category"},{"fields":[{"name":"id","type":"BIGINT","primary":true},{"name":"category","type":"FOREIGN","linkedTable":"category"},{"name":"name","type":"VARCHAR","maxLength":"100"},{"name":"price","type":"INT"},{"name":"image","type":"IMAGE"}],"name":"product","position":{"x":625,"y":70},"bound":{"top":214.00001525878906,"left":608,"bottom":361.00001525878906,"right":829.4017944335938},"index":null,"lastName":"product","displayField":"name"},{"fields":[{"name":"id","type":"BIGINT","primary":true},{"name":"customer","type":"FOREIGN","linkedTable":"customer"},{"name":"product","type":"FOREIGN","linkedTable":"product"},{"name":"qty","type":"INT"},{"name":"price_unit","type":"INT"},{"name":"order_date","type":"DATETIME"}],"name":"order","position":{"x":295,"y":185},"bound":{"top":364.0000305175781,"left":108.00000762939453,"bottom":535.0000457763672,"right":308.0000228881836}}]}